<?xml version='1.0' encoding='UTF-8'?>  
<!DOCTYPE hibernate-mapping PUBLIC  
"-//Hibernate/Hibernate Mapping DTD 3.0//EN"  
"http://hibernate.sourceforge.net/hibernate-mapping-3.0.dtd">  
  
<hibernate-mapping>  
<class name="com.assignment.model.Employee" table="Employee">  
          <id name="id">  
          <generator class="assigned"></generator>  
          </id>  
            
          <property name="name"></property>  
          <property name="password"></property>  
          <property name="salary"></property>  
          <property name="designation"></property>  
</class>  
            
</hibernate-mapping>  